Id_passageiro,Sobrevivente,Classe,Sexo,Sexo (Nominal),Idade,Irmaos_conjunges,Pais_Filhos,Bilhete,Custo_Bilhete,Cabine,Porto_embarque,Porto_embarque (Ordinal)
1,0,3,Masculino,1,22.0,1,0,A/5 21171,7.25,Nao identificado,S,3.0
2,1,1,Feminino,2,38.0,1,0,PC 17599,71.28,C85,C,1.0
3,1,3,Feminino,2,26.0,0,0,STON/O2. 3101282,7.92,Nao identificado,S,3.0
4,1,1,Feminino,2,35.0,1,0,113803,53.1,C123,S,3.0
5,0,3,Masculino,1,35.0,0,0,373450,8.05,Nao identificado,S,3.0
6,0,3,Masculino,1,,0,0,330877,8.46,Nao identificado,Q,2.0
7,0,1,Masculino,1,54.0,0,0,17463,51.86,E46,S,3.0
9,1,3,Feminino,2,27.0,0,2,347742,11.13,Nao identificado,S,3.0
10,1,2,Feminino,2,14.0,1,0,237736,30.07,Nao identificado,C,1.0
12,1,1,Feminino,2,58.0,0,0,113783,26.55,C103,S,3.0
13,0,3,Masculino,1,20.0,0,0,A/5. 2151,8.05,Nao identificado,S,3.0
14,0,3,Masculino,1,39.0,1,5,347082,31.28,Nao identificado,S,3.0
15,0,3,Feminino,2,14.0,0,0,350406,7.85,Nao identificado,S,3.0
16,1,2,Feminino,2,55.0,0,0,248706,16.0,Nao identificado,S,3.0
18,1,2,Masculino,1,,0,0,244373,13.0,Nao identificado,S,3.0
19,0,3,Feminino,2,31.0,1,0,345763,18.0,Nao identificado,S,3.0
20,1,3,Feminino,2,,0,0,2649,7.22,Nao identificado,C,1.0
21,0,2,Masculino,1,35.0,0,0,239865,26.0,Nao identificado,S,3.0
22,1,2,Masculino,1,34.0,0,0,248698,13.0,D56,S,3.0
23,1,3,Feminino,2,15.0,0,0,330923,8.03,Nao identificado,Q,2.0
24,1,1,Masculino,1,28.0,0,0,113788,35.5,A6,S,3.0
26,1,3,Feminino,2,38.0,1,5,347077,31.39,Nao identificado,S,3.0
27,0,3,Masculino,1,,0,0,2631,7.22,Nao identificado,C,1.0
28,0,1,Masculino,1,19.0,3,2,19950,263.0,C23 C25 C27,S,3.0
29,1,3,Feminino,2,,0,0,330959,7.88,Nao identificado,Q,2.0
30,0,3,Masculino,1,,0,0,349216,7.9,Nao identificado,S,3.0
31,0,1,Masculino,1,40.0,0,0,PC 17601,27.72,Nao identificado,C,1.0
32,1,1,Feminino,2,,1,0,PC 17569,146.52,B78,C,1.0
33,1,3,Feminino,2,,0,0,335677,7.75,Nao identificado,Q,2.0
34,0,2,Masculino,1,66.0,0,0,C.A. 24579,10.5,Nao identificado,S,3.0
35,0,1,Masculino,1,28.0,1,0,PC 17604,82.17,Nao identificado,C,1.0
36,0,1,Masculino,1,42.0,1,0,113789,52.0,Nao identificado,S,3.0
37,1,3,Masculino,1,,0,0,2677,7.23,Nao identificado,C,1.0
38,0,3,Masculino,1,21.0,0,0,A./5. 2152,8.05,Nao identificado,S,3.0
39,0,3,Feminino,2,18.0,2,0,345764,18.0,Nao identificado,S,3.0
40,1,3,Feminino,2,14.0,1,0,2651,11.24,Nao identificado,C,1.0
41,0,3,Feminino,2,40.0,1,0,7546,9.48,Nao identificado,S,3.0
42,0,2,Feminino,2,27.0,1,0,11668,21.0,Nao identificado,S,3.0
43,0,3,Masculino,1,,0,0,349253,7.9,Nao identificado,C,1.0
45,1,3,Feminino,2,19.0,0,0,330958,7.88,Nao identificado,Q,2.0
46,0,3,Masculino,1,,0,0,S.C./A.4. 23567,8.05,Nao identificado,S,3.0
47,0,3,Masculino,1,,1,0,370371,15.5,Nao identificado,Q,2.0
48,1,3,Feminino,2,,0,0,14311,7.75,Nao identificado,Q,2.0
49,0,3,Masculino,1,,2,0,2662,21.68,Nao identificado,C,1.0
50,0,3,Feminino,2,18.0,1,0,349237,17.8,Nao identificado,S,3.0
52,0,3,Masculino,1,21.0,0,0,A/4. 39886,7.8,Nao identificado,S,3.0
53,1,1,Feminino,2,49.0,1,0,PC 17572,76.73,D33,C,1.0
54,1,2,Feminino,2,29.0,1,0,2926,26.0,Nao identificado,S,3.0
55,0,1,Masculino,1,65.0,0,1,113509,61.98,B30,C,1.0
56,1,1,Masculino,1,,0,0,19947,35.5,C52,S,3.0
57,1,2,Feminino,2,21.0,0,0,C.A. 31026,10.5,Nao identificado,S,3.0
58,0,3,Masculino,1,28.5,0,0,2697,7.23,Nao identificado,C,1.0
60,0,3,Masculino,1,11.0,5,2,CA 2144,46.9,Nao identificado,S,3.0
61,0,3,Masculino,1,22.0,0,0,2669,7.23,Nao identificado,C,1.0
62,1,1,Feminino,2,38.0,0,0,113572,80.0,B28,,
63,0,1,Masculino,1,45.0,1,0,36973,83.48,C83,S,3.0
65,0,1,Masculino,1,,0,0,PC 17605,27.72,Nao identificado,C,1.0
66,1,3,Masculino,1,,1,1,2661,15.25,Nao identificado,C,1.0
67,1,2,Feminino,2,29.0,0,0,C.A. 29395,10.5,F33,S,3.0
68,0,3,Masculino,1,19.0,0,0,S.P. 3464,8.16,Nao identificado,S,3.0
69,1,3,Feminino,2,17.0,4,2,3101281,7.92,Nao identificado,S,3.0
70,0,3,Masculino,1,26.0,2,0,315151,8.66,Nao identificado,S,3.0
71,0,2,Masculino,1,32.0,0,0,C.A. 33111,10.5,Nao identificado,S,3.0
72,0,3,Feminino,2,16.0,5,2,CA 2144,46.9,Nao identificado,S,3.0
73,0,2,Masculino,1,21.0,0,0,S.O.C. 14879,73.5,Nao identificado,S,3.0
74,0,3,Masculino,1,26.0,1,0,2680,14.45,Nao identificado,C,1.0
75,1,3,Masculino,1,32.0,0,0,1601,56.5,Nao identificado,S,3.0
76,0,3,Masculino,1,25.0,0,0,348123,7.65,F G73,S,3.0
77,0,3,Masculino,1,,0,0,349208,7.9,Nao identificado,S,3.0
78,0,3,Masculino,1,,0,0,374746,8.05,Nao identificado,S,3.0
80,1,3,Feminino,2,30.0,0,0,364516,12.48,Nao identificado,S,3.0
81,0,3,Masculino,1,22.0,0,0,345767,9.0,Nao identificado,S,3.0
82,1,3,Masculino,1,29.0,0,0,345779,9.5,Nao identificado,S,3.0
83,1,3,Feminino,2,,0,0,330932,7.79,Nao identificado,Q,2.0
84,0,1,Masculino,1,28.0,0,0,113059,47.1,Nao identificado,S,3.0
85,1,2,Feminino,2,17.0,0,0,SO/C 14885,10.5,Nao identificado,S,3.0
86,1,3,Feminino,2,33.0,3,0,3101278,15.85,Nao identificado,S,3.0
87,0,3,Masculino,1,16.0,1,3,W./C. 6608,34.38,Nao identificado,S,3.0
88,0,3,Masculino,1,,0,0,SOTON/OQ 392086,8.05,Nao identificado,S,3.0
89,1,1,Feminino,2,23.0,3,2,19950,263.0,C23 C25 C27,S,3.0
90,0,3,Masculino,1,24.0,0,0,343275,8.05,Nao identificado,S,3.0
91,0,3,Masculino,1,29.0,0,0,343276,8.05,Nao identificado,S,3.0
92,0,3,Masculino,1,20.0,0,0,347466,7.85,Nao identificado,S,3.0
93,0,1,Masculino,1,46.0,1,0,W.E.P. 5734,61.18,E31,S,3.0
94,0,3,Masculino,1,26.0,1,2,C.A. 2315,20.58,Nao identificado,S,3.0
95,0,3,Masculino,1,59.0,0,0,364500,7.25,Nao identificado,S,3.0
96,0,3,Masculino,1,,0,0,374910,8.05,Nao identificado,S,3.0
97,0,1,Masculino,1,71.0,0,0,PC 17754,34.65,A5,C,1.0
98,1,1,Masculino,1,23.0,0,1,PC 17759,63.36,D10 D12,C,1.0
99,1,2,Feminino,2,34.0,0,1,231919,23.0,Nao identificado,S,3.0
100,0,2,Masculino,1,34.0,1,0,244367,26.0,Nao identificado,S,3.0
101,0,3,Feminino,2,28.0,0,0,349245,7.9,Nao identificado,S,3.0
102,0,3,Masculino,1,,0,0,349215,7.9,Nao identificado,S,3.0
103,0,1,Masculino,1,21.0,0,1,35281,77.29,D26,S,3.0
104,0,3,Masculino,1,33.0,0,0,7540,8.65,Nao identificado,S,3.0
105,0,3,Masculino,1,37.0,2,0,3101276,7.92,Nao identificado,S,3.0
106,0,3,Masculino,1,28.0,0,0,349207,7.9,Nao identificado,S,3.0
107,1,3,Feminino,2,21.0,0,0,343120,7.65,Nao identificado,S,3.0
108,1,3,Masculino,1,,0,0,312991,7.78,Nao identificado,S,3.0
109,0,3,Masculino,1,38.0,0,0,349249,7.9,Nao identificado,S,3.0
110,1,3,Feminino,2,,1,0,371110,24.15,Nao identificado,Q,2.0
111,0,1,Masculino,1,47.0,0,0,110465,52.0,C110,S,3.0
112,0,3,Feminino,2,14.5,1,0,2665,14.45,Nao identificado,C,1.0
113,0,3,Masculino,1,22.0,0,0,324669,8.05,Nao identificado,S,3.0
114,0,3,Feminino,2,20.0,1,0,4136,9.82,Nao identificado,S,3.0
115,0,3,Feminino,2,17.0,0,0,2627,14.46,Nao identificado,C,1.0
116,0,3,Masculino,1,21.0,0,0,STON/O 2. 3101294,7.92,Nao identificado,S,3.0
117,0,3,Masculino,1,70.5,0,0,370369,7.75,Nao identificado,Q,2.0
118,0,2,Masculino,1,29.0,1,0,11668,21.0,Nao identificado,S,3.0
119,0,1,Masculino,1,24.0,0,1,PC 17558,247.52,B58 B60,C,1.0
121,0,2,Masculino,1,21.0,2,0,S.O.C. 14879,73.5,Nao identificado,S,3.0
122,0,3,Masculino,1,,0,0,A4. 54510,8.05,Nao identificado,S,3.0
123,0,2,Masculino,1,32.5,1,0,237736,30.07,Nao identificado,C,1.0
124,1,2,Feminino,2,32.5,0,0,27267,13.0,E101,S,3.0
125,0,1,Masculino,1,54.0,0,1,35281,77.29,D26,S,3.0
126,1,3,Masculino,1,12.0,1,0,2651,11.24,Nao identificado,C,1.0
127,0,3,Masculino,1,,0,0,370372,7.75,Nao identificado,Q,2.0
128,1,3,Masculino,1,24.0,0,0,C 17369,7.14,Nao identificado,S,3.0
129,1,3,Feminino,2,,1,1,2668,22.36,F E69,C,1.0
130,0,3,Masculino,1,45.0,0,0,347061,6.98,Nao identificado,S,3.0
131,0,3,Masculino,1,33.0,0,0,349241,7.9,Nao identificado,C,1.0
132,0,3,Masculino,1,20.0,0,0,SOTON/O.Q. 3101307,7.05,Nao identificado,S,3.0
133,0,3,Feminino,2,47.0,1,0,A/5. 3337,14.5,Nao identificado,S,3.0
134,1,2,Feminino,2,29.0,1,0,228414,26.0,Nao identificado,S,3.0
135,0,2,Masculino,1,25.0,0,0,C.A. 29178,13.0,Nao identificado,S,3.0
136,0,2,Masculino,1,23.0,0,0,SC/PARIS 2133,15.05,Nao identificado,C,1.0
137,1,1,Feminino,2,19.0,0,2,11752,26.28,D47,S,3.0
138,0,1,Masculino,1,37.0,1,0,113803,53.1,C123,S,3.0
139,0,3,Masculino,1,16.0,0,0,7534,9.22,Nao identificado,S,3.0
140,0,1,Masculino,1,24.0,0,0,PC 17593,79.2,B86,C,1.0
141,0,3,Feminino,2,,0,2,2678,15.25,Nao identificado,C,1.0
142,1,3,Feminino,2,22.0,0,0,347081,7.75,Nao identificado,S,3.0
143,1,3,Feminino,2,24.0,1,0,STON/O2. 3101279,15.85,Nao identificado,S,3.0
144,0,3,Masculino,1,19.0,0,0,365222,6.75,Nao identificado,Q,2.0
145,0,2,Masculino,1,18.0,0,0,231945,11.5,Nao identificado,S,3.0
146,0,2,Masculino,1,19.0,1,1,C.A. 33112,36.75,Nao identificado,S,3.0
147,1,3,Masculino,1,27.0,0,0,350043,7.8,Nao identificado,S,3.0
149,0,2,Masculino,1,36.5,0,2,230080,26.0,F2,S,3.0
150,0,2,Masculino,1,42.0,0,0,244310,13.0,Nao identificado,S,3.0
151,0,2,Masculino,1,51.0,0,0,S.O.P. 1166,12.52,Nao identificado,S,3.0
152,1,1,Feminino,2,22.0,1,0,113776,66.6,C2,S,3.0
153,0,3,Masculino,1,55.5,0,0,A.5. 11206,8.05,Nao identificado,S,3.0
154,0,3,Masculino,1,40.5,0,2,A/5. 851,14.5,Nao identificado,S,3.0
155,0,3,Masculino,1,,0,0,Fa 265302,7.31,Nao identificado,S,3.0
156,0,1,Masculino,1,51.0,0,1,PC 17597,61.38,Nao identificado,C,1.0
157,1,3,Feminino,2,16.0,0,0,35851,7.73,Nao identificado,Q,2.0
158,0,3,Masculino,1,30.0,0,0,SOTON/OQ 392090,8.05,Nao identificado,S,3.0
159,0,3,Masculino,1,,0,0,315037,8.66,Nao identificado,S,3.0
160,0,3,Masculino,1,,8,2,CA. 2343,69.55,Nao identificado,S,3.0
161,0,3,Masculino,1,44.0,0,1,371362,16.1,Nao identificado,S,3.0
162,1,2,Feminino,2,40.0,0,0,C.A. 33595,15.75,Nao identificado,S,3.0
163,0,3,Masculino,1,26.0,0,0,347068,7.78,Nao identificado,S,3.0
164,0,3,Masculino,1,17.0,0,0,315093,8.66,Nao identificado,S,3.0
167,1,1,Feminino,2,,0,1,113505,55.0,E33,S,3.0
168,0,3,Feminino,2,45.0,1,4,347088,27.9,Nao identificado,S,3.0
169,0,1,Masculino,1,,0,0,PC 17318,25.92,Nao identificado,S,3.0
170,0,3,Masculino,1,28.0,0,0,1601,56.5,Nao identificado,S,3.0
171,0,1,Masculino,1,61.0,0,0,111240,33.5,B19,S,3.0
174,0,3,Masculino,1,21.0,0,0,STON/O 2. 3101280,7.92,Nao identificado,S,3.0
175,0,1,Masculino,1,56.0,0,0,17764,30.7,A7,C,1.0
176,0,3,Masculino,1,18.0,1,1,350404,7.85,Nao identificado,S,3.0
177,0,3,Masculino,1,,3,1,4133,25.47,Nao identificado,S,3.0
178,0,1,Feminino,2,50.0,0,0,PC 17595,28.71,C49,C,1.0
179,0,2,Masculino,1,30.0,0,0,250653,13.0,Nao identificado,S,3.0
180,0,3,Masculino,1,36.0,0,0,LINE,0.0,Nao identificado,S,3.0
181,0,3,Feminino,2,,8,2,CA. 2343,69.55,Nao identificado,S,3.0
182,0,2,Masculino,1,,0,0,SC/PARIS 2131,15.05,Nao identificado,C,1.0
186,0,1,Masculino,1,,0,0,113767,50.0,A32,S,3.0
187,1,3,Feminino,2,,1,0,370365,15.5,Nao identificado,Q,2.0
188,1,1,Masculino,1,45.0,0,0,111428,26.55,Nao identificado,S,3.0
189,0,3,Masculino,1,40.0,1,1,364849,15.5,Nao identificado,Q,2.0
190,0,3,Masculino,1,36.0,0,0,349247,7.9,Nao identificado,S,3.0
191,1,2,Feminino,2,32.0,0,0,234604,13.0,Nao identificado,S,3.0
192,0,2,Masculino,1,19.0,0,0,28424,13.0,Nao identificado,S,3.0
193,1,3,Feminino,2,19.0,1,0,350046,7.85,Nao identificado,S,3.0
195,1,1,Feminino,2,44.0,0,0,PC 17610,27.72,B4,C,1.0
196,1,1,Feminino,2,58.0,0,0,PC 17569,146.52,B80,C,1.0
197,0,3,Masculino,1,,0,0,368703,7.75,Nao identificado,Q,2.0
198,0,3,Masculino,1,42.0,0,1,4579,8.4,Nao identificado,S,3.0
199,1,3,Feminino,2,,0,0,370370,7.75,Nao identificado,Q,2.0
200,0,2,Feminino,2,24.0,0,0,248747,13.0,Nao identificado,S,3.0
201,0,3,Masculino,1,28.0,0,0,345770,9.5,Nao identificado,S,3.0
202,0,3,Masculino,1,,8,2,CA. 2343,69.55,Nao identificado,S,3.0
203,0,3,Masculino,1,34.0,0,0,3101264,6.5,Nao identificado,S,3.0
204,0,3,Masculino,1,45.5,0,0,2628,7.22,Nao identificado,C,1.0
205,1,3,Masculino,1,18.0,0,0,A/5 3540,8.05,Nao identificado,S,3.0
207,0,3,Masculino,1,32.0,1,0,3101278,15.85,Nao identificado,S,3.0
208,1,3,Masculino,1,26.0,0,0,2699,18.79,Nao identificado,C,1.0
209,1,3,Feminino,2,16.0,0,0,367231,7.75,Nao identificado,Q,2.0
210,1,1,Masculino,1,40.0,0,0,112277,31.0,A31,C,1.0
211,0,3,Masculino,1,24.0,0,0,SOTON/O.Q. 3101311,7.05,Nao identificado,S,3.0
212,1,2,Feminino,2,35.0,0,0,F.C.C. 13528,21.0,Nao identificado,S,3.0
213,0,3,Masculino,1,22.0,0,0,A/5 21174,7.25,Nao identificado,S,3.0
214,0,2,Masculino,1,30.0,0,0,250646,13.0,Nao identificado,S,3.0
215,0,3,Masculino,1,,1,0,367229,7.75,Nao identificado,Q,2.0
216,1,1,Feminino,2,31.0,1,0,35273,113.28,D36,C,1.0
217,1,3,Feminino,2,27.0,0,0,STON/O2. 3101283,7.92,Nao identificado,S,3.0
218,0,2,Masculino,1,42.0,1,0,243847,27.0,Nao identificado,S,3.0
219,1,1,Feminino,2,32.0,0,0,11813,76.29,D15,C,1.0
220,0,2,Masculino,1,30.0,0,0,W/C 14208,10.5,Nao identificado,S,3.0
221,1,3,Masculino,1,16.0,0,0,SOTON/OQ 392089,8.05,Nao identificado,S,3.0
222,0,2,Masculino,1,27.0,0,0,220367,13.0,Nao identificado,S,3.0
223,0,3,Masculino,1,51.0,0,0,21440,8.05,Nao identificado,S,3.0
224,0,3,Masculino,1,,0,0,349234,7.9,Nao identificado,S,3.0
225,1,1,Masculino,1,38.0,1,0,19943,90.0,C93,S,3.0
226,0,3,Masculino,1,22.0,0,0,PP 4348,9.35,Nao identificado,S,3.0
227,1,2,Masculino,1,19.0,0,0,SW/PP 751,10.5,Nao identificado,S,3.0
228,0,3,Masculino,1,20.5,0,0,A/5 21173,7.25,Nao identificado,S,3.0
229,0,2,Masculino,1,18.0,0,0,236171,13.0,Nao identificado,S,3.0
230,0,3,Feminino,2,,3,1,4133,25.47,Nao identificado,S,3.0
231,1,1,Feminino,2,35.0,1,0,36973,83.48,C83,S,3.0
232,0,3,Masculino,1,29.0,0,0,347067,7.78,Nao identificado,S,3.0
233,0,2,Masculino,1,59.0,0,0,237442,13.5,Nao identificado,S,3.0
235,0,2,Masculino,1,24.0,0,0,C.A. 29566,10.5,Nao identificado,S,3.0
236,0,3,Feminino,2,,0,0,W./C. 6609,7.55,Nao identificado,S,3.0
237,0,2,Masculino,1,44.0,1,0,26707,26.0,Nao identificado,S,3.0
239,0,2,Masculino,1,19.0,0,0,28665,10.5,Nao identificado,S,3.0
240,0,2,Masculino,1,33.0,0,0,SCO/W 1585,12.28,Nao identificado,S,3.0
241,0,3,Feminino,2,,1,0,2665,14.45,Nao identificado,C,1.0
242,1,3,Feminino,2,,1,0,367230,15.5,Nao identificado,Q,2.0
243,0,2,Masculino,1,29.0,0,0,W./C. 14263,10.5,Nao identificado,S,3.0
244,0,3,Masculino,1,22.0,0,0,STON/O 2. 3101275,7.12,Nao identificado,S,3.0
245,0,3,Masculino,1,30.0,0,0,2694,7.22,Nao identificado,C,1.0
246,0,1,Masculino,1,44.0,2,0,19928,90.0,C78,Q,2.0
247,0,3,Feminino,2,25.0,0,0,347071,7.78,Nao identificado,S,3.0
248,1,2,Feminino,2,24.0,0,2,250649,14.5,Nao identificado,S,3.0
249,1,1,Masculino,1,37.0,1,1,11751,52.55,D35,S,3.0
250,0,2,Masculino,1,54.0,1,0,244252,26.0,Nao identificado,S,3.0
251,0,3,Masculino,1,,0,0,362316,7.25,Nao identificado,S,3.0
252,0,3,Feminino,2,29.0,1,1,347054,10.46,G6,S,3.0
253,0,1,Masculino,1,62.0,0,0,113514,26.55,C87,S,3.0
254,0,3,Masculino,1,30.0,1,0,A/5. 3336,16.1,Nao identificado,S,3.0
255,0,3,Feminino,2,41.0,0,2,370129,20.21,Nao identificado,S,3.0
256,1,3,Feminino,2,29.0,0,2,2650,15.25,Nao identificado,C,1.0
257,1,1,Feminino,2,,0,0,PC 17585,79.2,Nao identificado,C,1.0
258,1,1,Feminino,2,30.0,0,0,110152,86.5,B77,S,3.0
259,1,1,Feminino,2,35.0,0,0,PC 17755,512.33,Nao identificado,C,1.0
260,1,2,Feminino,2,50.0,0,1,230433,26.0,Nao identificado,S,3.0
261,0,3,Masculino,1,,0,0,384461,7.75,Nao identificado,Q,2.0
263,0,1,Masculino,1,52.0,1,1,110413,79.65,E67,S,3.0
264,0,1,Masculino,1,40.0,0,0,112059,0.0,B94,S,3.0
265,0,3,Feminino,2,,0,0,382649,7.75,Nao identificado,Q,2.0
266,0,2,Masculino,1,36.0,0,0,C.A. 17248,10.5,Nao identificado,S,3.0
267,0,3,Masculino,1,16.0,4,1,3101295,39.69,Nao identificado,S,3.0
268,1,3,Masculino,1,25.0,1,0,347083,7.78,Nao identificado,S,3.0
269,1,1,Feminino,2,58.0,0,1,PC 17582,153.46,C125,S,3.0
270,1,1,Feminino,2,35.0,0,0,PC 17760,135.63,C99,S,3.0
271,0,1,Masculino,1,,0,0,113798,31.0,Nao identificado,S,3.0
272,1,3,Masculino,1,25.0,0,0,LINE,0.0,Nao identificado,S,3.0
273,1,2,Feminino,2,41.0,0,1,250644,19.5,Nao identificado,S,3.0
274,0,1,Masculino,1,37.0,0,1,PC 17596,29.7,C118,C,1.0
275,1,3,Feminino,2,,0,0,370375,7.75,Nao identificado,Q,2.0
276,1,1,Feminino,2,63.0,1,0,13502,77.96,D7,S,3.0
277,0,3,Feminino,2,45.0,0,0,347073,7.75,Nao identificado,S,3.0
278,0,2,Masculino,1,,0,0,239853,0.0,Nao identificado,S,3.0
280,1,3,Feminino,2,35.0,1,1,C.A. 2673,20.25,Nao identificado,S,3.0
281,0,3,Masculino,1,65.0,0,0,336439,7.75,Nao identificado,Q,2.0
282,0,3,Masculino,1,28.0,0,0,347464,7.85,Nao identificado,S,3.0
283,0,3,Masculino,1,16.0,0,0,345778,9.5,Nao identificado,S,3.0
284,1,3,Masculino,1,19.0,0,0,A/5. 10482,8.05,Nao identificado,S,3.0
285,0,1,Masculino,1,,0,0,113056,26.0,A19,S,3.0
286,0,3,Masculino,1,33.0,0,0,349239,8.66,Nao identificado,C,1.0
287,1,3,Masculino,1,30.0,0,0,345774,9.5,Nao identificado,S,3.0
288,0,3,Masculino,1,22.0,0,0,349206,7.9,Nao identificado,S,3.0
289,1,2,Masculino,1,42.0,0,0,237798,13.0,Nao identificado,S,3.0
290,1,3,Feminino,2,22.0,0,0,370373,7.75,Nao identificado,Q,2.0
291,1,1,Feminino,2,26.0,0,0,19877,78.85,Nao identificado,S,3.0
292,1,1,Feminino,2,19.0,1,0,11967,91.08,B49,C,1.0
293,0,2,Masculino,1,36.0,0,0,SC/Paris 2163,12.88,D,C,1.0
294,0,3,Feminino,2,24.0,0,0,349236,8.85,Nao identificado,S,3.0
295,0,3,Masculino,1,24.0,0,0,349233,7.9,Nao identificado,S,3.0
296,0,1,Masculino,1,,0,0,PC 17612,27.72,Nao identificado,C,1.0
297,0,3,Masculino,1,23.5,0,0,2693,7.23,Nao identificado,C,1.0
299,1,1,Masculino,1,,0,0,19988,30.5,C106,S,3.0
300,1,1,Feminino,2,50.0,0,1,PC 17558,247.52,B58 B60,C,1.0
301,1,3,Feminino,2,,0,0,9234,7.75,Nao identificado,Q,2.0
302,1,3,Masculino,1,,2,0,367226,23.25,Nao identificado,Q,2.0
303,0,3,Masculino,1,19.0,0,0,LINE,0.0,Nao identificado,S,3.0
304,1,2,Feminino,2,,0,0,226593,12.35,E101,Q,2.0
305,0,3,Masculino,1,,0,0,A/5 2466,8.05,Nao identificado,S,3.0
307,1,1,Feminino,2,,0,0,17421,110.88,Nao identificado,C,1.0
308,1,1,Feminino,2,17.0,1,0,PC 17758,108.9,C65,C,1.0
309,0,2,Masculino,1,30.0,1,0,P/PP 3381,24.0,Nao identificado,C,1.0
310,1,1,Feminino,2,30.0,0,0,PC 17485,56.93,E36,C,1.0
311,1,1,Feminino,2,24.0,0,0,11767,83.16,C54,C,1.0
312,1,1,Feminino,2,18.0,2,2,PC 17608,262.38,B57 B59 B63 B66,C,1.0
313,0,2,Feminino,2,26.0,1,1,250651,26.0,Nao identificado,S,3.0
314,0,3,Masculino,1,28.0,0,0,349243,7.9,Nao identificado,S,3.0
315,0,2,Masculino,1,43.0,1,1,F.C.C. 13529,26.25,Nao identificado,S,3.0
316,1,3,Feminino,2,26.0,0,0,347470,7.85,Nao identificado,S,3.0
317,1,2,Feminino,2,24.0,1,0,244367,26.0,Nao identificado,S,3.0
318,0,2,Masculino,1,54.0,0,0,29011,14.0,Nao identificado,S,3.0
319,1,1,Feminino,2,31.0,0,2,36928,164.87,C7,S,3.0
320,1,1,Feminino,2,40.0,1,1,16966,134.5,E34,C,1.0
321,0,3,Masculino,1,22.0,0,0,A/5 21172,7.25,Nao identificado,S,3.0
322,0,3,Masculino,1,27.0,0,0,349219,7.9,Nao identificado,S,3.0
323,1,2,Feminino,2,30.0,0,0,234818,12.35,Nao identificado,Q,2.0
324,1,2,Feminino,2,22.0,1,1,248738,29.0,Nao identificado,S,3.0
325,0,3,Masculino,1,,8,2,CA. 2343,69.55,Nao identificado,S,3.0
326,1,1,Feminino,2,36.0,0,0,PC 17760,135.63,C32,C,1.0
327,0,3,Masculino,1,61.0,0,0,345364,6.24,Nao identificado,S,3.0
328,1,2,Feminino,2,36.0,0,0,28551,13.0,D,S,3.0
329,1,3,Feminino,2,31.0,1,1,363291,20.52,Nao identificado,S,3.0
330,1,1,Feminino,2,16.0,0,1,111361,57.98,B18,C,1.0
331,1,3,Feminino,2,,2,0,367226,23.25,Nao identificado,Q,2.0
332,0,1,Masculino,1,45.5,0,0,113043,28.5,C124,S,3.0
333,0,1,Masculino,1,38.0,0,1,PC 17582,153.46,C91,S,3.0
334,0,3,Masculino,1,16.0,2,0,345764,18.0,Nao identificado,S,3.0
335,1,1,Feminino,2,,1,0,PC 17611,133.65,Nao identificado,S,3.0
336,0,3,Masculino,1,,0,0,349225,7.9,Nao identificado,S,3.0
337,0,1,Masculino,1,29.0,1,0,113776,66.6,C2,S,3.0
338,1,1,Feminino,2,41.0,0,0,16966,134.5,E40,C,1.0
339,1,3,Masculino,1,45.0,0,0,7598,8.05,Nao identificado,S,3.0
340,0,1,Masculino,1,45.0,0,0,113784,35.5,T,S,3.0
342,1,1,Feminino,2,24.0,3,2,19950,263.0,C23 C25 C27,S,3.0
343,0,2,Masculino,1,28.0,0,0,248740,13.0,Nao identificado,S,3.0
344,0,2,Masculino,1,25.0,0,0,244361,13.0,Nao identificado,S,3.0
345,0,2,Masculino,1,36.0,0,0,229236,13.0,Nao identificado,S,3.0
346,1,2,Feminino,2,24.0,0,0,248733,13.0,F33,S,3.0
347,1,2,Feminino,2,40.0,0,0,31418,13.0,Nao identificado,S,3.0
348,1,3,Feminino,2,,1,0,386525,16.1,Nao identificado,S,3.0
350,0,3,Masculino,1,42.0,0,0,315088,8.66,Nao identificado,S,3.0
351,0,3,Masculino,1,23.0,0,0,7267,9.22,Nao identificado,S,3.0
352,0,1,Masculino,1,,0,0,113510,35.0,C128,S,3.0
353,0,3,Masculino,1,15.0,1,1,2695,7.23,Nao identificado,C,1.0
354,0,3,Masculino,1,25.0,1,0,349237,17.8,Nao identificado,S,3.0
355,0,3,Masculino,1,,0,0,2647,7.22,Nao identificado,C,1.0
356,0,3,Masculino,1,28.0,0,0,345783,9.5,Nao identificado,S,3.0
357,1,1,Feminino,2,22.0,0,1,113505,55.0,E33,S,3.0
358,0,2,Feminino,2,38.0,0,0,237671,13.0,Nao identificado,S,3.0
359,1,3,Feminino,2,,0,0,330931,7.88,Nao identificado,Q,2.0
360,1,3,Feminino,2,,0,0,330980,7.88,Nao identificado,Q,2.0
361,0,3,Masculino,1,40.0,1,4,347088,27.9,Nao identificado,S,3.0
362,0,2,Masculino,1,29.0,1,0,SC/PARIS 2167,27.72,Nao identificado,C,1.0
363,0,3,Feminino,2,45.0,0,1,2691,14.45,Nao identificado,C,1.0
364,0,3,Masculino,1,35.0,0,0,SOTON/O.Q. 3101310,7.05,Nao identificado,S,3.0
365,0,3,Masculino,1,,1,0,370365,15.5,Nao identificado,Q,2.0
366,0,3,Masculino,1,30.0,0,0,C 7076,7.25,Nao identificado,S,3.0
367,1,1,Feminino,2,60.0,1,0,110813,75.25,D37,C,1.0
368,1,3,Feminino,2,,0,0,2626,7.23,Nao identificado,C,1.0
369,1,3,Feminino,2,,0,0,14313,7.75,Nao identificado,Q,2.0
370,1,1,Feminino,2,24.0,0,0,PC 17477,69.3,B35,C,1.0
371,1,1,Masculino,1,25.0,1,0,11765,55.44,E50,C,1.0
372,0,3,Masculino,1,18.0,1,0,3101267,6.5,Nao identificado,S,3.0
373,0,3,Masculino,1,19.0,0,0,323951,8.05,Nao identificado,S,3.0
374,0,1,Masculino,1,22.0,0,0,PC 17760,135.63,Nao identificado,C,1.0
376,1,1,Feminino,2,,1,0,PC 17604,82.17,Nao identificado,C,1.0
377,1,3,Feminino,2,22.0,0,0,C 7077,7.25,Nao identificado,S,3.0
378,0,1,Masculino,1,27.0,0,2,113503,211.5,C82,C,1.0
379,0,3,Masculino,1,20.0,0,0,2648,4.01,Nao identificado,C,1.0
380,0,3,Masculino,1,19.0,0,0,347069,7.78,Nao identificado,S,3.0
381,1,1,Feminino,2,42.0,0,0,PC 17757,227.52,Nao identificado,C,1.0
383,0,3,Masculino,1,32.0,0,0,STON/O 2. 3101293,7.92,Nao identificado,S,3.0
384,1,1,Feminino,2,35.0,1,0,113789,52.0,Nao identificado,S,3.0
385,0,3,Masculino,1,,0,0,349227,7.9,Nao identificado,S,3.0
386,0,2,Masculino,1,18.0,0,0,S.O.C. 14879,73.5,Nao identificado,S,3.0
388,1,2,Feminino,2,36.0,0,0,27849,13.0,Nao identificado,S,3.0
389,0,3,Masculino,1,,0,0,367655,7.73,Nao identificado,Q,2.0
390,1,2,Feminino,2,17.0,0,0,SC 1748,12.0,Nao identificado,C,1.0
391,1,1,Masculino,1,36.0,1,2,113760,120.0,B96 B98,S,3.0
392,1,3,Masculino,1,21.0,0,0,350034,7.8,Nao identificado,S,3.0
393,0,3,Masculino,1,28.0,2,0,3101277,7.92,Nao identificado,S,3.0
394,1,1,Feminino,2,23.0,1,0,35273,113.28,D36,C,1.0
395,1,3,Feminino,2,24.0,0,2,PP 9549,16.7,G6,S,3.0
396,0,3,Masculino,1,22.0,0,0,350052,7.8,Nao identificado,S,3.0
397,0,3,Feminino,2,31.0,0,0,350407,7.85,Nao identificado,S,3.0
398,0,2,Masculino,1,46.0,0,0,28403,26.0,Nao identificado,S,3.0
399,0,2,Masculino,1,23.0,0,0,244278,10.5,Nao identificado,S,3.0
400,1,2,Feminino,2,28.0,0,0,240929,12.65,Nao identificado,S,3.0
401,1,3,Masculino,1,39.0,0,0,STON/O 2. 3101289,7.92,Nao identificado,S,3.0
402,0,3,Masculino,1,26.0,0,0,341826,8.05,Nao identificado,S,3.0
403,0,3,Feminino,2,21.0,1,0,4137,9.82,Nao identificado,S,3.0
404,0,3,Masculino,1,28.0,1,0,STON/O2. 3101279,15.85,Nao identificado,S,3.0
405,0,3,Feminino,2,20.0,0,0,315096,8.66,Nao identificado,S,3.0
406,0,2,Masculino,1,34.0,1,0,28664,21.0,Nao identificado,S,3.0
407,0,3,Masculino,1,51.0,0,0,347064,7.75,Nao identificado,S,3.0
409,0,3,Masculino,1,21.0,0,0,312992,7.78,Nao identificado,S,3.0
410,0,3,Feminino,2,,3,1,4133,25.47,Nao identificado,S,3.0
411,0,3,Masculino,1,,0,0,349222,7.9,Nao identificado,S,3.0
412,0,3,Masculino,1,,0,0,394140,6.86,Nao identificado,Q,2.0
413,1,1,Feminino,2,33.0,1,0,19928,90.0,C78,Q,2.0
414,0,2,Masculino,1,,0,0,239853,0.0,Nao identificado,S,3.0
415,1,3,Masculino,1,44.0,0,0,STON/O 2. 3101269,7.92,Nao identificado,S,3.0
416,0,3,Feminino,2,,0,0,343095,8.05,Nao identificado,S,3.0
417,1,2,Feminino,2,34.0,1,1,28220,32.5,Nao identificado,S,3.0
418,1,2,Feminino,2,18.0,0,2,250652,13.0,Nao identificado,S,3.0
419,0,2,Masculino,1,30.0,0,0,28228,13.0,Nao identificado,S,3.0
421,0,3,Masculino,1,,0,0,349254,7.9,Nao identificado,C,1.0
422,0,3,Masculino,1,21.0,0,0,A/5. 13032,7.73,Nao identificado,Q,2.0
423,0,3,Masculino,1,29.0,0,0,315082,7.88,Nao identificado,S,3.0
424,0,3,Feminino,2,28.0,1,1,347080,14.4,Nao identificado,S,3.0
425,0,3,Masculino,1,18.0,1,1,370129,20.21,Nao identificado,S,3.0
426,0,3,Masculino,1,,0,0,A/4. 34244,7.25,Nao identificado,S,3.0
427,1,2,Feminino,2,28.0,1,0,2003,26.0,Nao identificado,S,3.0
428,1,2,Feminino,2,19.0,0,0,250655,26.0,Nao identificado,S,3.0
429,0,3,Masculino,1,,0,0,364851,7.75,Nao identificado,Q,2.0
430,1,3,Masculino,1,32.0,0,0,SOTON/O.Q. 392078,8.05,E10,S,3.0
431,1,1,Masculino,1,28.0,0,0,110564,26.55,C52,S,3.0
432,1,3,Feminino,2,,1,0,376564,16.1,Nao identificado,S,3.0
433,1,2,Feminino,2,42.0,1,0,SC/AH 3085,26.0,Nao identificado,S,3.0
434,0,3,Masculino,1,17.0,0,0,STON/O 2. 3101274,7.12,Nao identificado,S,3.0
435,0,1,Masculino,1,50.0,1,0,13507,55.9,E44,S,3.0
436,1,1,Feminino,2,14.0,1,2,113760,120.0,B96 B98,S,3.0
437,0,3,Feminino,2,21.0,2,2,W./C. 6608,34.38,Nao identificado,S,3.0
438,1,2,Feminino,2,24.0,2,3,29106,18.75,Nao identificado,S,3.0
439,0,1,Masculino,1,64.0,1,4,19950,263.0,C23 C25 C27,S,3.0
440,0,2,Masculino,1,31.0,0,0,C.A. 18723,10.5,Nao identificado,S,3.0
441,1,2,Feminino,2,45.0,1,1,F.C.C. 13529,26.25,Nao identificado,S,3.0
442,0,3,Masculino,1,20.0,0,0,345769,9.5,Nao identificado,S,3.0
443,0,3,Masculino,1,25.0,1,0,347076,7.78,Nao identificado,S,3.0
444,1,2,Feminino,2,28.0,0,0,230434,13.0,Nao identificado,S,3.0
445,1,3,Masculino,1,,0,0,65306,8.11,Nao identificado,S,3.0
447,1,2,Feminino,2,13.0,0,1,250644,19.5,Nao identificado,S,3.0
448,1,1,Masculino,1,34.0,0,0,113794,26.55,Nao identificado,S,3.0
450,1,1,Masculino,1,52.0,0,0,113786,30.5,C104,S,3.0
451,0,2,Masculino,1,36.0,1,2,C.A. 34651,27.75,Nao identificado,S,3.0
452,0,3,Masculino,1,,1,0,65303,19.97,Nao identificado,S,3.0
453,0,1,Masculino,1,30.0,0,0,113051,27.75,C111,C,1.0
454,1,1,Masculino,1,49.0,1,0,17453,89.1,C92,C,1.0
455,0,3,Masculino,1,,0,0,A/5 2817,8.05,Nao identificado,S,3.0
456,1,3,Masculino,1,29.0,0,0,349240,7.9,Nao identificado,C,1.0
457,0,1,Masculino,1,65.0,0,0,13509,26.55,E38,S,3.0
458,1,1,Feminino,2,,1,0,17464,51.86,D21,S,3.0
459,1,2,Feminino,2,50.0,0,0,F.C.C. 13531,10.5,Nao identificado,S,3.0
460,0,3,Masculino,1,,0,0,371060,7.75,Nao identificado,Q,2.0
461,1,1,Masculino,1,48.0,0,0,19952,26.55,E12,S,3.0
462,0,3,Masculino,1,34.0,0,0,364506,8.05,Nao identificado,S,3.0
463,0,1,Masculino,1,47.0,0,0,111320,38.5,E63,S,3.0
464,0,2,Masculino,1,48.0,0,0,234360,13.0,Nao identificado,S,3.0
465,0,3,Masculino,1,,0,0,A/S 2816,8.05,Nao identificado,S,3.0
466,0,3,Masculino,1,38.0,0,0,SOTON/O.Q. 3101306,7.05,Nao identificado,S,3.0
467,0,2,Masculino,1,,0,0,239853,0.0,Nao identificado,S,3.0
468,0,1,Masculino,1,56.0,0,0,113792,26.55,Nao identificado,S,3.0
469,0,3,Masculino,1,,0,0,36209,7.72,Nao identificado,Q,2.0
471,0,3,Masculino,1,,0,0,323592,7.25,Nao identificado,S,3.0
472,0,3,Masculino,1,38.0,0,0,315089,8.66,Nao identificado,S,3.0
473,1,2,Feminino,2,33.0,1,2,C.A. 34651,27.75,Nao identificado,S,3.0
474,1,2,Feminino,2,23.0,0,0,SC/AH Basle 541,13.79,D,C,1.0
475,0,3,Feminino,2,22.0,0,0,7553,9.84,Nao identificado,S,3.0
476,0,1,Masculino,1,,0,0,110465,52.0,A14,S,3.0
477,0,2,Masculino,1,34.0,1,0,31027,21.0,Nao identificado,S,3.0
478,0,3,Masculino,1,29.0,1,0,3460,7.05,Nao identificado,S,3.0
479,0,3,Masculino,1,22.0,0,0,350060,7.52,Nao identificado,S,3.0
482,0,2,Masculino,1,,0,0,239854,0.0,Nao identificado,S,3.0
483,0,3,Masculino,1,50.0,0,0,A/5 3594,8.05,Nao identificado,S,3.0
484,1,3,Feminino,2,63.0,0,0,4134,9.59,Nao identificado,S,3.0
485,1,1,Masculino,1,25.0,1,0,11967,91.08,B49,C,1.0
486,0,3,Feminino,2,,3,1,4133,25.47,Nao identificado,S,3.0
487,1,1,Feminino,2,35.0,1,0,19943,90.0,C93,S,3.0
488,0,1,Masculino,1,58.0,0,0,11771,29.7,B37,C,1.0
489,0,3,Masculino,1,30.0,0,0,A.5. 18509,8.05,Nao identificado,S,3.0
491,0,3,Masculino,1,,1,0,65304,19.97,Nao identificado,S,3.0
492,0,3,Masculino,1,21.0,0,0,SOTON/OQ 3101317,7.25,Nao identificado,S,3.0
493,0,1,Masculino,1,55.0,0,0,113787,30.5,C30,S,3.0
494,0,1,Masculino,1,71.0,0,0,PC 17609,49.5,Nao identificado,C,1.0
495,0,3,Masculino,1,21.0,0,0,A/4 45380,8.05,Nao identificado,S,3.0
496,0,3,Masculino,1,,0,0,2627,14.46,Nao identificado,C,1.0
497,1,1,Feminino,2,54.0,1,0,36947,78.27,D20,C,1.0
498,0,3,Masculino,1,,0,0,C.A. 6212,15.1,Nao identificado,S,3.0
499,0,1,Feminino,2,25.0,1,2,113781,151.55,C22 C26,S,3.0
500,0,3,Masculino,1,24.0,0,0,350035,7.8,Nao identificado,S,3.0
501,0,3,Masculino,1,17.0,0,0,315086,8.66,Nao identificado,S,3.0
502,0,3,Feminino,2,21.0,0,0,364846,7.75,Nao identificado,Q,2.0
503,0,3,Feminino,2,,0,0,330909,7.63,Nao identificado,Q,2.0
504,0,3,Feminino,2,37.0,0,0,4135,9.59,Nao identificado,S,3.0
505,1,1,Feminino,2,16.0,0,0,110152,86.5,B79,S,3.0
506,0,1,Masculino,1,18.0,1,0,PC 17758,108.9,C65,C,1.0
507,1,2,Feminino,2,33.0,0,2,26360,26.0,Nao identificado,S,3.0
508,1,1,Masculino,1,,0,0,111427,26.55,Nao identificado,S,3.0
509,0,3,Masculino,1,28.0,0,0,C 4001,22.52,Nao identificado,S,3.0
510,1,3,Masculino,1,26.0,0,0,1601,56.5,Nao identificado,S,3.0
511,1,3,Masculino,1,29.0,0,0,382651,7.75,Nao identificado,Q,2.0
512,0,3,Masculino,1,,0,0,SOTON/OQ 3101316,8.05,Nao identificado,S,3.0
513,1,1,Masculino,1,36.0,0,0,PC 17473,26.29,E25,S,3.0
514,1,1,Feminino,2,54.0,1,0,PC 17603,59.4,Nao identificado,C,1.0
515,0,3,Masculino,1,24.0,0,0,349209,7.5,Nao identificado,S,3.0
516,0,1,Masculino,1,47.0,0,0,36967,34.02,D46,S,3.0
517,1,2,Feminino,2,34.0,0,0,C.A. 34260,10.5,F33,S,3.0
518,0,3,Masculino,1,,0,0,371110,24.15,Nao identificado,Q,2.0
519,1,2,Feminino,2,36.0,1,0,226875,26.0,Nao identificado,S,3.0
520,0,3,Masculino,1,32.0,0,0,349242,7.9,Nao identificado,S,3.0
521,1,1,Feminino,2,30.0,0,0,12749,93.5,B73,S,3.0
522,0,3,Masculino,1,22.0,0,0,349252,7.9,Nao identificado,S,3.0
523,0,3,Masculino,1,,0,0,2624,7.22,Nao identificado,C,1.0
524,1,1,Feminino,2,44.0,0,1,111361,57.98,B18,C,1.0
525,0,3,Masculino,1,,0,0,2700,7.23,Nao identificado,C,1.0
526,0,3,Masculino,1,40.5,0,0,367232,7.75,Nao identificado,Q,2.0
527,1,2,Feminino,2,50.0,0,0,W./C. 14258,10.5,Nao identificado,S,3.0
528,0,1,Masculino,1,,0,0,PC 17483,221.78,C95,S,3.0
529,0,3,Masculino,1,39.0,0,0,3101296,7.92,Nao identificado,S,3.0
530,0,2,Masculino,1,23.0,2,1,29104,11.5,Nao identificado,S,3.0
532,0,3,Masculino,1,,0,0,2641,7.23,Nao identificado,C,1.0
533,0,3,Masculino,1,17.0,1,1,2690,7.23,Nao identificado,C,1.0
534,1,3,Feminino,2,,0,2,2668,22.36,Nao identificado,C,1.0
535,0,3,Feminino,2,30.0,0,0,315084,8.66,Nao identificado,S,3.0
537,0,1,Masculino,1,45.0,0,0,113050,26.55,B38,S,3.0
538,1,1,Feminino,2,30.0,0,0,PC 17761,106.42,Nao identificado,C,1.0
539,0,3,Masculino,1,,0,0,364498,14.5,Nao identificado,S,3.0
540,1,1,Feminino,2,22.0,0,2,13568,49.5,B39,C,1.0
541,1,1,Feminino,2,36.0,0,2,WE/P 5735,71.0,B22,S,3.0
543,0,3,Feminino,2,11.0,4,2,347082,31.28,Nao identificado,S,3.0
544,1,2,Masculino,1,32.0,1,0,2908,26.0,Nao identificado,S,3.0
545,0,1,Masculino,1,50.0,1,0,PC 17761,106.42,C86,C,1.0
546,0,1,Masculino,1,64.0,0,0,693,26.0,Nao identificado,S,3.0
547,1,2,Feminino,2,19.0,1,0,2908,26.0,Nao identificado,S,3.0
548,1,2,Masculino,1,,0,0,SC/PARIS 2146,13.86,Nao identificado,C,1.0
549,0,3,Masculino,1,33.0,1,1,363291,20.52,Nao identificado,S,3.0
551,1,1,Masculino,1,17.0,0,2,17421,110.88,C70,C,1.0
552,0,2,Masculino,1,27.0,0,0,244358,26.0,Nao identificado,S,3.0
553,0,3,Masculino,1,,0,0,330979,7.83,Nao identificado,Q,2.0
554,1,3,Masculino,1,22.0,0,0,2620,7.22,Nao identificado,C,1.0
555,1,3,Feminino,2,22.0,0,0,347085,7.78,Nao identificado,S,3.0
556,0,1,Masculino,1,62.0,0,0,113807,26.55,Nao identificado,S,3.0
557,1,1,Feminino,2,48.0,1,0,11755,39.6,A16,C,1.0
558,0,1,Masculino,1,,0,0,PC 17757,227.52,Nao identificado,C,1.0
559,1,1,Feminino,2,39.0,1,1,110413,79.65,E67,S,3.0
560,1,3,Feminino,2,36.0,1,0,345572,17.4,Nao identificado,S,3.0
561,0,3,Masculino,1,,0,0,372622,7.75,Nao identificado,Q,2.0
562,0,3,Masculino,1,40.0,0,0,349251,7.9,Nao identificado,S,3.0
563,0,2,Masculino,1,28.0,0,0,218629,13.5,Nao identificado,S,3.0
564,0,3,Masculino,1,,0,0,SOTON/OQ 392082,8.05,Nao identificado,S,3.0
565,0,3,Feminino,2,,0,0,SOTON/O.Q. 392087,8.05,Nao identificado,S,3.0
566,0,3,Masculino,1,24.0,2,0,A/4 48871,24.15,Nao identificado,S,3.0
567,0,3,Masculino,1,19.0,0,0,349205,7.9,Nao identificado,S,3.0
568,0,3,Feminino,2,29.0,0,4,349909,21.08,Nao identificado,S,3.0
569,0,3,Masculino,1,,0,0,2686,7.23,Nao identificado,C,1.0
570,1,3,Masculino,1,32.0,0,0,350417,7.85,Nao identificado,S,3.0
571,1,2,Masculino,1,62.0,0,0,S.W./PP 752,10.5,Nao identificado,S,3.0
572,1,1,Feminino,2,53.0,2,0,11769,51.48,C101,S,3.0
573,1,1,Masculino,1,36.0,0,0,PC 17474,26.39,E25,S,3.0
574,1,3,Feminino,2,,0,0,14312,7.75,Nao identificado,Q,2.0
575,0,3,Masculino,1,16.0,0,0,A/4. 20589,8.05,Nao identificado,S,3.0
576,0,3,Masculino,1,19.0,0,0,358585,14.5,Nao identificado,S,3.0
577,1,2,Feminino,2,34.0,0,0,243880,13.0,Nao identificado,S,3.0
578,1,1,Feminino,2,39.0,1,0,13507,55.9,E44,S,3.0
579,0,3,Feminino,2,,1,0,2689,14.46,Nao identificado,C,1.0
580,1,3,Masculino,1,32.0,0,0,STON/O 2. 3101286,7.92,Nao identificado,S,3.0
581,1,2,Feminino,2,25.0,1,1,237789,30.0,Nao identificado,S,3.0
582,1,1,Feminino,2,39.0,1,1,17421,110.88,C68,C,1.0
583,0,2,Masculino,1,54.0,0,0,28403,26.0,Nao identificado,S,3.0
584,0,1,Masculino,1,36.0,0,0,13049,40.12,A10,C,1.0
585,0,3,Masculino,1,,0,0,3411,8.71,Nao identificado,C,1.0
586,1,1,Feminino,2,18.0,0,2,110413,79.65,E68,S,3.0
587,0,2,Masculino,1,47.0,0,0,237565,15.0,Nao identificado,S,3.0
588,1,1,Masculino,1,60.0,1,1,13567,79.2,B41,C,1.0
589,0,3,Masculino,1,22.0,0,0,14973,8.05,Nao identificado,S,3.0
590,0,3,Masculino,1,,0,0,A./5. 3235,8.05,Nao identificado,S,3.0
591,0,3,Masculino,1,35.0,0,0,STON/O 2. 3101273,7.12,Nao identificado,S,3.0
592,1,1,Feminino,2,52.0,1,0,36947,78.27,D20,C,1.0
593,0,3,Masculino,1,47.0,0,0,A/5 3902,7.25,Nao identificado,S,3.0
594,0,3,Feminino,2,,0,2,364848,7.75,Nao identificado,Q,2.0
595,0,2,Masculino,1,37.0,1,0,SC/AH 29037,26.0,Nao identificado,S,3.0
596,0,3,Masculino,1,36.0,1,1,345773,24.15,Nao identificado,S,3.0
597,1,2,Feminino,2,,0,0,248727,33.0,Nao identificado,S,3.0
598,0,3,Masculino,1,49.0,0,0,LINE,0.0,Nao identificado,S,3.0
599,0,3,Masculino,1,,0,0,2664,7.22,Nao identificado,C,1.0
600,1,1,Masculino,1,49.0,1,0,PC 17485,56.93,A20,C,1.0
601,1,2,Feminino,2,24.0,2,1,243847,27.0,Nao identificado,S,3.0
602,0,3,Masculino,1,,0,0,349214,7.9,Nao identificado,S,3.0
603,0,1,Masculino,1,,0,0,113796,42.4,Nao identificado,S,3.0
604,0,3,Masculino,1,44.0,0,0,364511,8.05,Nao identificado,S,3.0
605,1,1,Masculino,1,35.0,0,0,111426,26.55,Nao identificado,C,1.0
606,0,3,Masculino,1,36.0,1,0,349910,15.55,Nao identificado,S,3.0
607,0,3,Masculino,1,30.0,0,0,349246,7.9,Nao identificado,S,3.0
608,1,1,Masculino,1,27.0,0,0,113804,30.5,Nao identificado,S,3.0
609,1,2,Feminino,2,22.0,1,2,SC/Paris 2123,41.58,Nao identificado,C,1.0
610,1,1,Feminino,2,40.0,0,0,PC 17582,153.46,C125,S,3.0
611,0,3,Feminino,2,39.0,1,5,347082,31.28,Nao identificado,S,3.0
612,0,3,Masculino,1,,0,0,SOTON/O.Q. 3101305,7.05,Nao identificado,S,3.0
613,1,3,Feminino,2,,1,0,367230,15.5,Nao identificado,Q,2.0
614,0,3,Masculino,1,,0,0,370377,7.75,Nao identificado,Q,2.0
615,0,3,Masculino,1,35.0,0,0,364512,8.05,Nao identificado,S,3.0
616,1,2,Feminino,2,24.0,1,2,220845,65.0,Nao identificado,S,3.0
617,0,3,Masculino,1,34.0,1,1,347080,14.4,Nao identificado,S,3.0
618,0,3,Feminino,2,26.0,1,0,A/5. 3336,16.1,Nao identificado,S,3.0
620,0,2,Masculino,1,26.0,0,0,31028,10.5,Nao identificado,S,3.0
621,0,3,Masculino,1,27.0,1,0,2659,14.45,Nao identificado,C,1.0
622,1,1,Masculino,1,42.0,1,0,11753,52.55,D19,S,3.0
623,1,3,Masculino,1,20.0,1,1,2653,15.74,Nao identificado,C,1.0
624,0,3,Masculino,1,21.0,0,0,350029,7.85,Nao identificado,S,3.0
625,0,3,Masculino,1,21.0,0,0,54636,16.1,Nao identificado,S,3.0
626,0,1,Masculino,1,61.0,0,0,36963,32.32,D50,S,3.0
627,0,2,Masculino,1,57.0,0,0,219533,12.35,Nao identificado,Q,2.0
628,1,1,Feminino,2,21.0,0,0,13502,77.96,D9,S,3.0
629,0,3,Masculino,1,26.0,0,0,349224,7.9,Nao identificado,S,3.0
630,0,3,Masculino,1,,0,0,334912,7.73,Nao identificado,Q,2.0
631,1,1,Masculino,1,80.0,0,0,27042,30.0,A23,S,3.0
632,0,3,Masculino,1,51.0,0,0,347743,7.05,Nao identificado,S,3.0
633,1,1,Masculino,1,32.0,0,0,13214,30.5,B50,C,1.0
634,0,1,Masculino,1,,0,0,112052,0.0,Nao identificado,S,3.0
636,1,2,Feminino,2,28.0,0,0,237668,13.0,Nao identificado,S,3.0
637,0,3,Masculino,1,32.0,0,0,STON/O 2. 3101292,7.92,Nao identificado,S,3.0
638,0,2,Masculino,1,31.0,1,1,C.A. 31921,26.25,Nao identificado,S,3.0
639,0,3,Feminino,2,41.0,0,5,3101295,39.69,Nao identificado,S,3.0
640,0,3,Masculino,1,,1,0,376564,16.1,Nao identificado,S,3.0
641,0,3,Masculino,1,20.0,0,0,350050,7.85,Nao identificado,S,3.0
642,1,1,Feminino,2,24.0,0,0,PC 17477,69.3,B35,C,1.0
644,1,3,Masculino,1,,0,0,1601,56.5,Nao identificado,S,3.0
646,1,1,Masculino,1,48.0,1,0,PC 17572,76.73,D33,C,1.0
647,0,3,Masculino,1,19.0,0,0,349231,7.9,Nao identificado,S,3.0
648,1,1,Masculino,1,56.0,0,0,13213,35.5,A26,C,1.0
649,0,3,Masculino,1,,0,0,S.O./P.P. 751,7.55,Nao identificado,S,3.0
650,1,3,Feminino,2,23.0,0,0,CA. 2314,7.55,Nao identificado,S,3.0
651,0,3,Masculino,1,,0,0,349221,7.9,Nao identificado,S,3.0
652,1,2,Feminino,2,18.0,0,1,231919,23.0,Nao identificado,S,3.0
653,0,3,Masculino,1,21.0,0,0,8475,8.43,Nao identificado,S,3.0
654,1,3,Feminino,2,,0,0,330919,7.83,Nao identificado,Q,2.0
655,0,3,Feminino,2,18.0,0,0,365226,6.75,Nao identificado,Q,2.0
656,0,2,Masculino,1,24.0,2,0,S.O.C. 14879,73.5,Nao identificado,S,3.0
657,0,3,Masculino,1,,0,0,349223,7.9,Nao identificado,S,3.0
658,0,3,Feminino,2,32.0,1,1,364849,15.5,Nao identificado,Q,2.0
659,0,2,Masculino,1,23.0,0,0,29751,13.0,Nao identificado,S,3.0
660,0,1,Masculino,1,58.0,0,2,35273,113.28,D48,C,1.0
661,1,1,Masculino,1,50.0,2,0,PC 17611,133.65,Nao identificado,S,3.0
662,0,3,Masculino,1,40.0,0,0,2623,7.22,Nao identificado,C,1.0
663,0,1,Masculino,1,47.0,0,0,5727,25.59,E58,S,3.0
664,0,3,Masculino,1,36.0,0,0,349210,7.5,Nao identificado,S,3.0
665,1,3,Masculino,1,20.0,1,0,STON/O 2. 3101285,7.92,Nao identificado,S,3.0
666,0,2,Masculino,1,32.0,2,0,S.O.C. 14879,73.5,Nao identificado,S,3.0
667,0,2,Masculino,1,25.0,0,0,234686,13.0,Nao identificado,S,3.0
668,0,3,Masculino,1,,0,0,312993,7.78,Nao identificado,S,3.0
669,0,3,Masculino,1,43.0,0,0,A/5 3536,8.05,Nao identificado,S,3.0
670,1,1,Feminino,2,,1,0,19996,52.0,C126,S,3.0
671,1,2,Feminino,2,40.0,1,1,29750,39.0,Nao identificado,S,3.0
672,0,1,Masculino,1,31.0,1,0,F.C. 12750,52.0,B71,S,3.0
673,0,2,Masculino,1,70.0,0,0,C.A. 24580,10.5,Nao identificado,S,3.0
674,1,2,Masculino,1,31.0,0,0,244270,13.0,Nao identificado,S,3.0
675,0,2,Masculino,1,,0,0,239856,0.0,Nao identificado,S,3.0
676,0,3,Masculino,1,18.0,0,0,349912,7.78,Nao identificado,S,3.0
677,0,3,Masculino,1,24.5,0,0,342826,8.05,Nao identificado,S,3.0
678,1,3,Feminino,2,18.0,0,0,4138,9.84,Nao identificado,S,3.0
679,0,3,Feminino,2,43.0,1,6,CA 2144,46.9,Nao identificado,S,3.0
680,1,1,Masculino,1,36.0,0,1,PC 17755,512.33,B51 B53 B55,C,1.0
681,0,3,Feminino,2,,0,0,330935,8.14,Nao identificado,Q,2.0
682,1,1,Masculino,1,27.0,0,0,PC 17572,76.73,D49,C,1.0
683,0,3,Masculino,1,20.0,0,0,6563,9.22,Nao identificado,S,3.0
684,0,3,Masculino,1,14.0,5,2,CA 2144,46.9,Nao identificado,S,3.0
685,0,2,Masculino,1,60.0,1,1,29750,39.0,Nao identificado,S,3.0
686,0,2,Masculino,1,25.0,1,2,SC/Paris 2123,41.58,Nao identificado,C,1.0
687,0,3,Masculino,1,14.0,4,1,3101295,39.69,Nao identificado,S,3.0
688,0,3,Masculino,1,19.0,0,0,349228,10.17,Nao identificado,S,3.0
689,0,3,Masculino,1,18.0,0,0,350036,7.8,Nao identificado,S,3.0
690,1,1,Feminino,2,15.0,0,1,24160,211.34,B5,S,3.0
691,1,1,Masculino,1,31.0,1,0,17474,57.0,B20,S,3.0
693,1,3,Masculino,1,,0,0,1601,56.5,Nao identificado,S,3.0
694,0,3,Masculino,1,25.0,0,0,2672,7.22,Nao identificado,C,1.0
695,0,1,Masculino,1,60.0,0,0,113800,26.55,Nao identificado,S,3.0
696,0,2,Masculino,1,52.0,0,0,248731,13.5,Nao identificado,S,3.0
697,0,3,Masculino,1,44.0,0,0,363592,8.05,Nao identificado,S,3.0
698,1,3,Feminino,2,,0,0,35852,7.73,Nao identificado,Q,2.0
699,0,1,Masculino,1,49.0,1,1,17421,110.88,C68,C,1.0
700,0,3,Masculino,1,42.0,0,0,348121,7.65,F G63,S,3.0
701,1,1,Feminino,2,18.0,1,0,PC 17757,227.52,C62 C64,C,1.0
702,1,1,Masculino,1,35.0,0,0,PC 17475,26.29,E24,S,3.0
703,0,3,Feminino,2,18.0,0,1,2691,14.45,Nao identificado,C,1.0
704,0,3,Masculino,1,25.0,0,0,36864,7.74,Nao identificado,Q,2.0
705,0,3,Masculino,1,26.0,1,0,350025,7.85,Nao identificado,S,3.0
706,0,2,Masculino,1,39.0,0,0,250655,26.0,Nao identificado,S,3.0
707,1,2,Feminino,2,45.0,0,0,223596,13.5,Nao identificado,S,3.0
708,1,1,Masculino,1,42.0,0,0,PC 17476,26.29,E24,S,3.0
709,1,1,Feminino,2,22.0,0,0,113781,151.55,Nao identificado,S,3.0
710,1,3,Masculino,1,,1,1,2661,15.25,Nao identificado,C,1.0
711,1,1,Feminino,2,24.0,0,0,PC 17482,49.5,C90,C,1.0
712,0,1,Masculino,1,,0,0,113028,26.55,C124,S,3.0
713,1,1,Masculino,1,48.0,1,0,19996,52.0,C126,S,3.0
714,0,3,Masculino,1,29.0,0,0,7545,9.48,Nao identificado,S,3.0
715,0,2,Masculino,1,52.0,0,0,250647,13.0,Nao identificado,S,3.0
716,0,3,Masculino,1,19.0,0,0,348124,7.65,F G73,S,3.0
717,1,1,Feminino,2,38.0,0,0,PC 17757,227.52,C45,C,1.0
718,1,2,Feminino,2,27.0,0,0,34218,10.5,E101,S,3.0
719,0,3,Masculino,1,,0,0,36568,15.5,Nao identificado,Q,2.0
720,0,3,Masculino,1,33.0,0,0,347062,7.78,Nao identificado,S,3.0
722,0,3,Masculino,1,17.0,1,0,350048,7.05,Nao identificado,S,3.0
723,0,2,Masculino,1,34.0,0,0,12233,13.0,Nao identificado,S,3.0
724,0,2,Masculino,1,50.0,0,0,250643,13.0,Nao identificado,S,3.0
725,1,1,Masculino,1,27.0,1,0,113806,53.1,E8,S,3.0
726,0,3,Masculino,1,20.0,0,0,315094,8.66,Nao identificado,S,3.0
727,1,2,Feminino,2,30.0,3,0,31027,21.0,Nao identificado,S,3.0
728,1,3,Feminino,2,,0,0,36866,7.74,Nao identificado,Q,2.0
729,0,2,Masculino,1,25.0,1,0,236853,26.0,Nao identificado,S,3.0
730,0,3,Feminino,2,25.0,1,0,STON/O2. 3101271,7.92,Nao identificado,S,3.0
731,1,1,Feminino,2,29.0,0,0,24160,211.34,B5,S,3.0
732,0,3,Masculino,1,11.0,0,0,2699,18.79,Nao identificado,C,1.0
733,0,2,Masculino,1,,0,0,239855,0.0,Nao identificado,S,3.0
734,0,2,Masculino,1,23.0,0,0,28425,13.0,Nao identificado,S,3.0
735,0,2,Masculino,1,23.0,0,0,233639,13.0,Nao identificado,S,3.0
736,0,3,Masculino,1,28.5,0,0,54636,16.1,Nao identificado,S,3.0
737,0,3,Feminino,2,48.0,1,3,W./C. 6608,34.38,Nao identificado,S,3.0
738,1,1,Masculino,1,35.0,0,0,PC 17755,512.33,B101,C,1.0
739,0,3,Masculino,1,,0,0,349201,7.9,Nao identificado,S,3.0
740,0,3,Masculino,1,,0,0,349218,7.9,Nao identificado,S,3.0
741,1,1,Masculino,1,,0,0,16988,30.0,D45,S,3.0
742,0,1,Masculino,1,36.0,1,0,19877,78.85,C46,S,3.0
743,1,1,Feminino,2,21.0,2,2,PC 17608,262.38,B57 B59 B63 B66,C,1.0
744,0,3,Masculino,1,24.0,1,0,376566,16.1,Nao identificado,S,3.0
745,1,3,Masculino,1,31.0,0,0,STON/O 2. 3101288,7.92,Nao identificado,S,3.0
746,0,1,Masculino,1,70.0,1,1,WE/P 5735,71.0,B22,S,3.0
747,0,3,Masculino,1,16.0,1,1,C.A. 2673,20.25,Nao identificado,S,3.0
748,1,2,Feminino,2,30.0,0,0,250648,13.0,Nao identificado,S,3.0
749,0,1,Masculino,1,19.0,1,0,113773,53.1,D30,S,3.0
750,0,3,Masculino,1,31.0,0,0,335097,7.75,Nao identificado,Q,2.0
753,0,3,Masculino,1,33.0,0,0,345780,9.5,Nao identificado,S,3.0
754,0,3,Masculino,1,23.0,0,0,349204,7.9,Nao identificado,S,3.0
755,1,2,Feminino,2,48.0,1,2,220845,65.0,Nao identificado,S,3.0
757,0,3,Masculino,1,28.0,0,0,350042,7.8,Nao identificado,S,3.0
758,0,2,Masculino,1,18.0,0,0,29108,11.5,Nao identificado,S,3.0
759,0,3,Masculino,1,34.0,0,0,363294,8.05,Nao identificado,S,3.0
760,1,1,Feminino,2,33.0,0,0,110152,86.5,B77,S,3.0
761,0,3,Masculino,1,,0,0,358585,14.5,Nao identificado,S,3.0
762,0,3,Masculino,1,41.0,0,0,SOTON/O2 3101272,7.12,Nao identificado,S,3.0
763,1,3,Masculino,1,20.0,0,0,2663,7.23,Nao identificado,C,1.0
764,1,1,Feminino,2,36.0,1,2,113760,120.0,B96 B98,S,3.0
765,0,3,Masculino,1,16.0,0,0,347074,7.78,Nao identificado,S,3.0
766,1,1,Feminino,2,51.0,1,0,13502,77.96,D11,S,3.0
767,0,1,Masculino,1,,0,0,112379,39.6,Nao identificado,C,1.0
768,0,3,Feminino,2,30.5,0,0,364850,7.75,Nao identificado,Q,2.0
769,0,3,Masculino,1,,1,0,371110,24.15,Nao identificado,Q,2.0
770,0,3,Masculino,1,32.0,0,0,8471,8.36,Nao identificado,S,3.0
771,0,3,Masculino,1,24.0,0,0,345781,9.5,Nao identificado,S,3.0
772,0,3,Masculino,1,48.0,0,0,350047,7.85,Nao identificado,S,3.0
773,0,2,Feminino,2,57.0,0,0,S.O./P.P. 3,10.5,E77,S,3.0
774,0,3,Masculino,1,,0,0,2674,7.22,Nao identificado,C,1.0
775,1,2,Feminino,2,54.0,1,3,29105,23.0,Nao identificado,S,3.0
776,0,3,Masculino,1,18.0,0,0,347078,7.75,Nao identificado,S,3.0
777,0,3,Masculino,1,,0,0,383121,7.75,F38,Q,2.0
779,0,3,Masculino,1,,0,0,36865,7.74,Nao identificado,Q,2.0
780,1,1,Feminino,2,43.0,0,1,24160,211.34,B3,S,3.0
781,1,3,Feminino,2,13.0,0,0,2687,7.23,Nao identificado,C,1.0
782,1,1,Feminino,2,17.0,1,0,17474,57.0,B20,S,3.0
783,0,1,Masculino,1,29.0,0,0,113501,30.0,D6,S,3.0
784,0,3,Masculino,1,,1,2,W./C. 6607,23.45,Nao identificado,S,3.0
785,0,3,Masculino,1,25.0,0,0,SOTON/O.Q. 3101312,7.05,Nao identificado,S,3.0
786,0,3,Masculino,1,25.0,0,0,374887,7.25,Nao identificado,S,3.0
787,1,3,Feminino,2,18.0,0,0,3101265,7.5,Nao identificado,S,3.0
790,0,1,Masculino,1,46.0,0,0,PC 17593,79.2,B82 B84,C,1.0
791,0,3,Masculino,1,,0,0,12460,7.75,Nao identificado,Q,2.0
792,0,2,Masculino,1,16.0,0,0,239865,26.0,Nao identificado,S,3.0
793,0,3,Feminino,2,,8,2,CA. 2343,69.55,Nao identificado,S,3.0
794,0,1,Masculino,1,,0,0,PC 17600,30.7,Nao identificado,C,1.0
795,0,3,Masculino,1,25.0,0,0,349203,7.9,Nao identificado,S,3.0
796,0,2,Masculino,1,39.0,0,0,28213,13.0,Nao identificado,S,3.0
797,1,1,Feminino,2,49.0,0,0,17465,25.93,D17,S,3.0
798,1,3,Feminino,2,31.0,0,0,349244,8.68,Nao identificado,S,3.0
799,0,3,Masculino,1,30.0,0,0,2685,7.23,Nao identificado,C,1.0
800,0,3,Feminino,2,30.0,1,1,345773,24.15,Nao identificado,S,3.0
801,0,2,Masculino,1,34.0,0,0,250647,13.0,Nao identificado,S,3.0
802,1,2,Feminino,2,31.0,1,1,C.A. 31921,26.25,Nao identificado,S,3.0
803,1,1,Masculino,1,11.0,1,2,113760,120.0,B96 B98,S,3.0
805,1,3,Masculino,1,27.0,0,0,347089,6.98,Nao identificado,S,3.0
806,0,3,Masculino,1,31.0,0,0,347063,7.78,Nao identificado,S,3.0
807,0,1,Masculino,1,39.0,0,0,112050,0.0,A36,S,3.0
808,0,3,Feminino,2,18.0,0,0,347087,7.78,Nao identificado,S,3.0
809,0,2,Masculino,1,39.0,0,0,248723,13.0,Nao identificado,S,3.0
810,1,1,Feminino,2,33.0,1,0,113806,53.1,E8,S,3.0
811,0,3,Masculino,1,26.0,0,0,3474,7.89,Nao identificado,S,3.0
812,0,3,Masculino,1,39.0,0,0,A/4 48871,24.15,Nao identificado,S,3.0
813,0,2,Masculino,1,35.0,0,0,28206,10.5,Nao identificado,S,3.0
815,0,3,Masculino,1,30.5,0,0,364499,8.05,Nao identificado,S,3.0
816,0,1,Masculino,1,,0,0,112058,0.0,B102,S,3.0
817,0,3,Feminino,2,23.0,0,0,STON/O2. 3101290,7.92,Nao identificado,S,3.0
818,0,2,Masculino,1,31.0,1,1,S.C./PARIS 2079,37.0,Nao identificado,C,1.0
819,0,3,Masculino,1,43.0,0,0,C 7075,6.45,Nao identificado,S,3.0
821,1,1,Feminino,2,52.0,1,1,12749,93.5,B69,S,3.0
822,1,3,Masculino,1,27.0,0,0,315098,8.66,Nao identificado,S,3.0
823,0,1,Masculino,1,38.0,0,0,19972,0.0,Nao identificado,S,3.0
824,1,3,Feminino,2,27.0,0,1,392096,12.48,E121,S,3.0
826,0,3,Masculino,1,,0,0,368323,6.95,Nao identificado,Q,2.0
827,0,3,Masculino,1,,0,0,1601,56.5,Nao identificado,S,3.0
829,1,3,Masculino,1,,0,0,367228,7.75,Nao identificado,Q,2.0
830,1,1,Feminino,2,62.0,0,0,113572,80.0,B28,,
831,1,3,Feminino,2,15.0,1,0,2659,14.45,Nao identificado,C,1.0
833,0,3,Masculino,1,,0,0,2671,7.23,Nao identificado,C,1.0
834,0,3,Masculino,1,23.0,0,0,347468,7.85,Nao identificado,S,3.0
835,0,3,Masculino,1,18.0,0,0,2223,8.3,Nao identificado,S,3.0
836,1,1,Feminino,2,39.0,1,1,PC 17756,83.16,E49,C,1.0
837,0,3,Masculino,1,21.0,0,0,315097,8.66,Nao identificado,S,3.0
838,0,3,Masculino,1,,0,0,392092,8.05,Nao identificado,S,3.0
839,1,3,Masculino,1,32.0,0,0,1601,56.5,Nao identificado,S,3.0
840,1,1,Masculino,1,,0,0,11774,29.7,C47,C,1.0
841,0,3,Masculino,1,20.0,0,0,SOTON/O2 3101287,7.92,Nao identificado,S,3.0
842,0,2,Masculino,1,16.0,0,0,S.O./P.P. 3,10.5,Nao identificado,S,3.0
843,1,1,Feminino,2,30.0,0,0,113798,31.0,Nao identificado,C,1.0
844,0,3,Masculino,1,34.5,0,0,2683,6.44,Nao identificado,C,1.0
845,0,3,Masculino,1,17.0,0,0,315090,8.66,Nao identificado,S,3.0
846,0,3,Masculino,1,42.0,0,0,C.A. 5547,7.55,Nao identificado,S,3.0
847,0,3,Masculino,1,,8,2,CA. 2343,69.55,Nao identificado,S,3.0
848,0,3,Masculino,1,35.0,0,0,349213,7.9,Nao identificado,C,1.0
849,0,2,Masculino,1,28.0,0,1,248727,33.0,Nao identificado,S,3.0
850,1,1,Feminino,2,,1,0,17453,89.1,C92,C,1.0
852,0,3,Masculino,1,74.0,0,0,347060,7.78,Nao identificado,S,3.0
854,1,1,Feminino,2,16.0,0,1,PC 17592,39.4,D28,S,3.0
855,0,2,Feminino,2,44.0,1,0,244252,26.0,Nao identificado,S,3.0
856,1,3,Feminino,2,18.0,0,1,392091,9.35,Nao identificado,S,3.0
857,1,1,Feminino,2,45.0,1,1,36928,164.87,Nao identificado,S,3.0
858,1,1,Masculino,1,51.0,0,0,113055,26.55,E17,S,3.0
859,1,3,Feminino,2,24.0,0,3,2666,19.26,Nao identificado,C,1.0
860,0,3,Masculino,1,,0,0,2629,7.23,Nao identificado,C,1.0
861,0,3,Masculino,1,41.0,2,0,350026,14.11,Nao identificado,S,3.0
862,0,2,Masculino,1,21.0,1,0,28134,11.5,Nao identificado,S,3.0
863,1,1,Feminino,2,48.0,0,0,17466,25.93,D17,S,3.0
864,0,3,Feminino,2,,8,2,CA. 2343,69.55,Nao identificado,S,3.0
865,0,2,Masculino,1,24.0,0,0,233866,13.0,Nao identificado,S,3.0
866,1,2,Feminino,2,42.0,0,0,236852,13.0,Nao identificado,S,3.0
867,1,2,Feminino,2,27.0,1,0,SC/PARIS 2149,13.86,Nao identificado,C,1.0
868,0,1,Masculino,1,31.0,0,0,PC 17590,50.5,A24,S,3.0
869,0,3,Masculino,1,,0,0,345777,9.5,Nao identificado,S,3.0
871,0,3,Masculino,1,26.0,0,0,349248,7.9,Nao identificado,S,3.0
872,1,1,Feminino,2,47.0,1,1,11751,52.55,D35,S,3.0
873,0,1,Masculino,1,33.0,0,0,695,5.0,B51 B53 B55,S,3.0
874,0,3,Masculino,1,47.0,0,0,345765,9.0,Nao identificado,S,3.0
875,1,2,Feminino,2,28.0,1,0,P/PP 3381,24.0,Nao identificado,C,1.0
876,1,3,Feminino,2,15.0,0,0,2667,7.22,Nao identificado,C,1.0
877,0,3,Masculino,1,20.0,0,0,7534,9.85,Nao identificado,S,3.0
878,0,3,Masculino,1,19.0,0,0,349212,7.9,Nao identificado,S,3.0
879,0,3,Masculino,1,,0,0,349217,7.9,Nao identificado,S,3.0
880,1,1,Feminino,2,56.0,0,1,11767,83.16,C50,C,1.0
881,1,2,Feminino,2,25.0,0,1,230433,26.0,Nao identificado,S,3.0
882,0,3,Masculino,1,33.0,0,0,349257,7.9,Nao identificado,S,3.0
883,0,3,Feminino,2,22.0,0,0,7552,10.52,Nao identificado,S,3.0
884,0,2,Masculino,1,28.0,0,0,C.A./SOTON 34068,10.5,Nao identificado,S,3.0
885,0,3,Masculino,1,25.0,0,0,SOTON/OQ 392076,7.05,Nao identificado,S,3.0
886,0,3,Feminino,2,39.0,0,5,382652,29.12,Nao identificado,Q,2.0
887,0,2,Masculino,1,27.0,0,0,211536,13.0,Nao identificado,S,3.0
888,1,1,Feminino,2,19.0,0,0,112053,30.0,B42,S,3.0
889,0,3,Feminino,2,,1,2,W./C. 6607,23.45,Nao identificado,S,3.0
890,1,1,Masculino,1,26.0,0,0,111369,30.0,C148,C,1.0
891,0,3,Masculino,1,32.0,0,0,370376,7.75,Nao identificado,Q,2.0
